mid,sid,node_i,node_j,utterance,uid
1082,1082_002,1082_003,1082_006,You'd better decide on your subject. I'm serious--they'll boot you out.Actually--I think she's--yes-- Basil's sister. Wilde--Jane Wilde.,"1082_0003,1082_0012"
1082,1082_002,1082_003,1082_033,"First to find a drink. I'm sure the secret of the universe has something to do with sex. There you go--why don't you do your doctorate on that? The physics of love.More your field, I think.I applied for a job.Did you?Civil Service.Well, it's a back-up plan--in your case not a bad idea. Did they accept you?Unfortunately, that I'll never know. Morning of their exam,- slept in. Well, thank Christ, (LATIN) Quo est femella?I was going to ask you.","1082_0001,1082_0002,1082_0005,1082_0006,1082_0007,1082_0008,1082_0009,1082_0010,1082_0011"
1082,1082_002,1082_006,1082_019,That's better.Who is that guy?This party is officially deceased! Come on--I've fixed you up a ride home.,"1082_0013,1082_0014,1082_0035"
1082,1082_002,1082_006,1082_033,"Scientists! Don't worry. We don't have to stay long. Looks mortifyingly dull.(looking at Stephen) Oh. He's strange, clever, goes on Ban The Bomb marches.They gave me the 1st.","1082_0004,1082_0015,1082_0034"
1082,1082_002,1082_019,1082_031,"Well, I hope you find your equation.",1082_0036
1082,1082_002,1082_019,1082_033,"Hello.Hello.Science?Arts. So what do you-?Cosmologist. I'm a cosmologist.What's a cosmologist?It's a kind of religion--for intelligent atheists.C of E. Church of England.(SIMULTANEOUSLY) - England.So--what do cosmologists worship then?(GRINS) A single unifying equation that explains everything in the universe.(AMUSED) Really? So what's the equation?That is the question.Why didn't you stay at Oxford?My finals papers were such a shambles the examiners called me in for a 'Viva' and I told them -What's a viva?A mildly terrifying face-to-face thingy. An interrogation. So I told them that if they gave me a 2nd class degree I'd stay with them and do my research at Oxford, but if they gave me the 1st I needed to get into Cambridge, then they'd never have to see me again.They gave you the 1st.","1082_0016,1082_0017,1082_0018,1082_0019,1082_0020,1082_0021,1082_0022,1082_0023,1082_0024,1082_0025,1082_0026,1082_0027,1082_0028,1082_0029,1082_0030,1082_0031,1082_0032,1082_0033"
1082,1082_003,1082_003,1082_003,"(aside, gloomy,to STEPHEN) This is going to hospitalize me.",1082_0038
1082,1082_003,1082_003,1082_031,"A little challenge for you all, as you embark on your separate doctoral journeys - Something to sort--the men from the boys--the wheat from the chaff-- the mesons from the pi-mesons--the quarks from the quacks--ten questions--each more impregnable than the last. Good luck. You'll need it. Shall we say, Friday 3 o'clock?",1082_0037
1082,1082_005,1082_003,1082_031,Sod off.,1082_0053
1082,1082_005,1082_003,1082_033,"Oh come on, get up. How many have you got?Morning, Brian.Afternoon, Stephen. Where are they? Where are you hiding them? Your answers.Brian, I have no idea what you're talking about.How many of Sciama's questions have you done?None.You liar!I was going do them later.Later? You mean you haven't even started? Stephen, are you aware you have voluntarily embarked on a PHD in physics at one of the most prestigious colleges in England?Yes.Oh, good. Thought maybe you'd slept through the induction or something.(to Brian at the door) Bri-?What?Can you whip on some Wagner?","1082_0039,1082_0040,1082_0041,1082_0042,1082_0043,1082_0044,1082_0045,1082_0046,1082_0047,1082_0048,1082_0049,1082_0050,1082_0051,1082_0052"
1082,1082_006,1082_031,1082_033,"(PASSING PAPER) John, this so illegible I'm not quite sure how wrong it is--I suspect very--and Brian... Stephen, glad you could join us.Sorry.Train timetables? Stephen, these are totally unacceptable--they expired a month ago.Sorry. It's on the back. Had a little accident. I could only do nine.","1082_0054,1082_0055,1082_0056,1082_0057"
1082,1082_006,1082_003,1082_031,Well...I see...well thank God. Well done Stephen.,1082_0058
1082,1082_006,1082_003,1082_033,(SILENTLY MOUTHS) Nine?,1082_0059
1082,1082_007,1082_003,1082_004,"(exhausted, speaks one word on each stroke)",1082_0061
1082,1082_007,1082_003,1082_033,"Full, give me twenty - One, drive! - Two, drive! - Three, big legs! - Four, press! - Five, boom! - Hook, send! - Catch, big send! - Hold at 32! - Big legs, Brian! - Big legs! - Stay long, Brian! - Stay long Brian!!!...",1082_0060
1082,1082_008,1082_019,1082_033,Uh - my napkin just walked in. Hi.Hello.What's the probability?Reasonably low.Croquet. Do you play croquet?(INTERESTED) Um. Not recently.Sunday morning?I'm actually busy Sunday mornings.,"1082_0069,1082_0070,1082_0071,1082_0072,1082_0073,1082_0074,1082_0075,1082_0076"
1082,1082_008,1082_000,1082_033,(TO BARMAN) Do you have change for the pay- phone?Sure. I'd commit that number to memory if I were you. Here you go... Sir? Are you okay?,"1082_0067,1082_0068"
1082,1082_008,1082_003,1082_004,"No, no, listen, listen, pay attention. A man enters a lift, wanting to go to the fiftieth floor but only gets as far as the 46th. Why?",1082_0062
1082,1082_008,1082_003,1082_008,"(EXHAUSTED) Erm - there was a naked girl in the lift. Hey--it's the closest I'll get to a unifying theory, leave me alone. (raising a finger) Uh!!!",1082_0063
1082,1082_008,1082_003,1082_033,"He was too short to reach the button for the fiftieth floor.Okay, I've got one. Okay, okay-- A naked girl enters a lift -","1082_0065,1082_0066"
1082,1082_008,1082_008,1082_033,No--we give up. No idea.,1082_0064
1082,1082_008,1082_031,1082_033,Oh. Of course.,1082_0077
1082,1082_012,1082_031,1082_033,"Stephen, come in. Sit down. Now-- we're all rather concerned--about your choice of subject. What it's going to be.I can't decide.Any ideas?Umm-- No.","1082_0078,1082_0079,1082_0080,1082_0081"
1082,1082_012,1082_031,1082_031,Come with me.,1082_0082
1082,1082_013,1082_019,1082_031,"This lab is where JJ Thomson discovered the electron, where Rutherford split the atom. One of the great rewards of this job is that you never know from where the next great leap forward is going to come, or from whom. Next Friday. I'm taking a few graduates of merit to London, to attend a talk by the mathematician Roger Penrose. Come along if you're interested.",1082_0083
1082,1082_014,1082_012,1082_033,I have a problem with the whole Celestial Dictator premise. What are you doing for lunch? Ma makes a cracking roast.,1082_0087
1082,1082_014,1082_019,1082_033,So I gather you've never been to church?Once upon a time.Tempted to convert?,"1082_0084,1082_0085,1082_0086"
1082,1082_015,1082_027,1082_033,"So Stephen, you've been to church with a good woman. Are you feeling holier than thou?I'll wing it. As usual.Ohh, fowl play! Fowl play.","1082_0101,1082_0108,1082_0111"
1082,1082_015,1082_019,1082_027,And...William Blake.,1082_0095
1082,1082_015,1082_018,1082_019,"(sympathetic, to JANE) Don't worry about them. They're pun mad.",1082_0114
1082,1082_015,1082_019,1082_033,"Yes, please.Positively saintly, thank you.(TO STEPHEN) You've never said why you don't believe in God.A physicist can't allow his calculations to be muddled by a belief in a supernatural creator.Er - light, please.Oh! - I'm inviting Jane to be my partner for the May Ball. (SILENTLY MOUTHING) Will you?","1082_0098,1082_0102,1082_0103,1082_0104,1082_0107,1082_0118"
1082,1082_015,1082_012,1082_027,Good heavens. Surely not!Stephen doesn't like my homemade wine. Philistine.Boooo.How plucky of you.,"1082_0096,1082_0100,1082_0109,1082_0110"
1082,1082_015,1082_012,1082_019,"And Jane? What are you studying?Arts. Languages, poetry. I'm thinking of doing a PhD eventually.Oh? What in?(ENCOURAGED) Medieval poetry of the Iberian Peninsula.Arts. So, what painters do you like?Well, I like--Turner...Really? Turner? To me they all look as if they've been left out in the rain.(TO JANE) Will you try my elderflower wine?Sounds less of an argument against God than against physicists.(IMPRESSED) Light or dark?That's okay -","1082_0088,1082_0089,1082_0090,1082_0091,1082_0092,1082_0093,1082_0094,1082_0097,1082_0105,1082_0106,1082_0116"
1082,1082_015,1082_012,1082_018,It's so nicely cocked.,1082_0113
1082,1082_015,1082_012,1082_033,"(TO JANE) Don't touch it, don't touch it Jane.Stop egging him on!HA! Marvelous! Very good. ""The breast is yet to come!"" Indeed it is! Well done.","1082_0099,1082_0112,1082_0117"
1082,1082_019,1082_019,1082_033,"Should we dance, do you think?Oh, no, no. Happy to observe the phenomenon--but I can't possibly imagine participating.I absolutely agree. I mean, who would want to dance?No, I'm quite serious. I don't dance. (SOFTLY) Do you see how the men's cuffs and shirt-fronts, how they glow more than the dresses?(smiles, expectant) Yes...Do you know why?Why?""TIDE.""The washing powder?The fluorescence in the washing powder is caught by the UV light.Why do you know that?(GRINS) When stars are born and when they die, they emit UV radiation. So if we could see the night sky in ultraviolet light, almost all the stars would disappear--and all we'd see would be these spectacular births and deaths. And I reckon-- it would look a little -- like that.","1082_0119,1082_0120,1082_0121,1082_0122,1082_0123,1082_0124,1082_0125,1082_0126,1082_0127,1082_0128,1082_0129,1082_0130,1082_0131"
1082,1082_020,1082_019,1082_033,"So why...Why?Why medieval Spanish poetry?(HAPPILY) I suppose I like to time travel.And what particular time periods do you visit?The Twenties is always fun.The roaring twenties! Cheers! So--The 1920's. A good time for poetry was it?""Seek then/ No learning/ from Starry Men!/ Who follow with Optic Glass/ The Whirling Ways of Stars that Pass.""Ouch.Was it - - was it a good time for science?A smashing time actually. Spacetime was born.Spacetime...Space and Time finally got together. People always thought they were too dissimilar, couldn't possibly work out. But then along comes Einstein, the ultimate match- maker, and decided that space and time, not only had a future, but had been married all along.The perfect couple!Well that's astonishing, isn't it?(SERIOUSLY) ""In the beginning was the heaven and the earth, and the earth was without form, and darkness-- darkness was upon the face of the deep.""","1082_0132,1082_0133,1082_0134,1082_0135,1082_0136,1082_0137,1082_0138,1082_0139,1082_0140,1082_0141,1082_0142,1082_0143,1082_0144,1082_0145,1082_0146,1082_0147"
1082,1082_020,1082_030,1082_033,Would you dance with me?,1082_0148
1082,1082_024,1082_030,1082_033,"So what do we know? Let me rephrase that--what do the equations tell us, finally? How about a simple diagram? A star, more than three times the size of our sun... ...ought to end its life, how? With a collapse, the gravitational forces of the entire mass overcoming the electromagnetic forces of individual atoms, and so collapsing inwards. If the star is massive enough, it will continue this collapse, creating a black hole - where the warping of spacetime is so great that nothing can escape... not even light. It gets... Smaller, smaller... The star, in fact, gets denser as atoms--even subatomic particles-- get literally crushed, smashed into smaller and smaller space. And at its end point what are we left with? A point. A spacetime singularity... With extraordinary properties! Infinite density. Space and time come to a stop. All of the known laws of science--they just stop working. What I've just shown is that this happens in every black hole. Its really happening, out there. To real stars--and its happening right now!",1082_0149
1082,1082_025,1082_031,1082_033,(TO SCIAMA) I wonder what would happen--if--I wonder what would happen--Go on. If?,"1082_0150,1082_0151"
1082,1082_025,1082_033,1082_033,If you applied Penrose's theory about black holes to--the entire universe?,1082_0152
1082,1082_026,1082_019,1082_033,"If--if--so--If--Einstein is right, if--general relativity is correct, then the universe is expanding, yes? -- Alright -- which means - that--if you reverse time, the universe would get smaller and smaller. So what if--if I reverse the process all the way to see what happened at the beginning of Time itself? The universe, smaller and smaller, denser and denser, hotter and hotter as we approach its birth. Wind back the clock... What are you doing?Winding back the clock!(LAUGHING) Is that what you're doing?That's what I'm doing.","1082_0153,1082_0154,1082_0155,1082_0156,1082_0157,1082_0158"
1082,1082_026,1082_031,1082_033,"Well keep winding! You've got quite a way to go. Keep winding, Jane! Keep winding...back to the beginning of Time...Keep winding... (SUDDENLY SERIOUS) ...until you get -",1082_0159
1082,1082_027,1082_031,1082_033,"A singularity.A spacetime singularity. At the beginning of time. The universe born from a black hole exploding.(FINALLY) Keep going.Keep going? You mean go further back, Professor? Before the universe began?Keep going. Develop the mathematics.","1082_0160,1082_0161,1082_0162,1082_0163,1082_0164"
1082,1082_027,1082_033,1082_033,I don't know how.,1082_0165
1082,1082_029,1082_032,1082_033,What is it? What's wrong with me?,1082_0166
1082,1082_030,1082_032,1082_033,"It's called motor neuron disease.What's that?It's a progressive neurological disorder that destroys the cells in the brain that control essential muscle activity such as speaking, walking--breathing-- swallowing. The signals that muscles must receive in order to move are disrupted, cut off. The result is--gradual muscle decay, a wasting away. Eventually, the ability to control voluntary movement is--lost--entirely.Is--is--is there a cure? Some--? Is--can you--?Improvement should not be expected. (PAUSE) I'm afraid average life expectancy is two years. There's nothing I can do for you, I'm terribly sorry.Wait! What about--what about the brain?The brain isn't affected. Your thoughts won't change--it's just-What?","1082_0167,1082_0168,1082_0169,1082_0170,1082_0171,1082_0172,1082_0173,1082_0174"
1082,1082_030,1082_003,1082_032,Eventually--no-one will know what they are.,1082_0175
1082,1082_032,1082_003,1082_003,(TO BEDDER) Is he up yet? THE THEORY of EVERYTHING 29,1082_0176
1082,1082_033,1082_001,1082_003,"I'm sorry, look, I was just being a berk...I'm so...Stephen! Phone for you! It's a girl.Right. OK. So--see you soon, yeah?","1082_0185,1082_0186,1082_0187"
1082,1082_033,1082_001,1082_019,(TO STEPHEN) She's waiting.,1082_0188
1082,1082_033,1082_003,1082_033,"""Welcome--to this week's episode of The Natural World, where we explain the extraordinary hibernation patterns of the rare Cambridge Physicist--seen here in his wonderful plumage..."" So? What did they say? Your wrist. What did they say?I have a disease, Bri.(WHISPERS) Is it--venereal, Stephen?No. Motor neuron disease. Lou Gehrig's Disease. He was a baseball player.Motor what? Sorry, I'm lagging behind in my pioneering work on rare automotive and baseball diseases. Come on, let's go to the pub.(IMPASSIVELY) I have two years to live.What? I--I don't understand. It's not possible! It's ridiculous! You were fine a couple of days ago.Will you leave me Brian?","1082_0177,1082_0178,1082_0179,1082_0180,1082_0181,1082_0182,1082_0183,1082_0184"
1082,1082_034,1082_019,1082_019,Stephen? Hi. It's me.,1082_0189
1082,1082_036,1082_003,1082_019,STEPHEN?!,1082_0190
1082,1082_039,1082_003,1082_019,"Jane!Brian--have you seen Stephen?Jane, have a seat.What is it?I understand you saw him. You know he was in hospital...","1082_0191,1082_0192,1082_0193,1082_0194,1082_0195"
1082,1082_040,1082_019,1082_033,"Something educational?(without looking at her) Very. John is having an affair with Martha. But Martha is in love with Alan. And I think Alan is homosexual by the look of his shirts. I'm trying to work out the mathematical probability of happiness.Are you close?It's some integer of zero, but I'm not there yet.STEPHEN?You just missed him. He was here earlier.Don't do this.What?Cut me off.Go.Teach me croquet.I believe you poetry under- graduate types call it...""a slough of despond.""If you don't get up and play a game with me I won't come back here again. Ever.","1082_0196,1082_0197,1082_0198,1082_0199,1082_0200,1082_0201,1082_0202,1082_0203,1082_0204,1082_0205,1082_0206,1082_0207,1082_0208"
1082,1082_041,1082_033,1082_033,My turn.,1082_0209
1082,1082_042,1082_019,1082_033,Go away.STEPHEN? Let me in. Please. Please let me in.,"1082_0210,1082_0211"
1082,1082_043,1082_031,1082_033,(POWERFULLY MOVED) Yes. It is.,1082_0224
1082,1082_043,1082_019,1082_033,Go away!Are you going to talk about this or not?There's nothing to say--Is that what you want?That's what I want. I haven't got time for you. So - if you care about me at all - go.I can't.I've got two years. I need to work.I can't. I think--I've fallen in love with you. I know. Strange. Inexplicable.You've--you've leapt to--a false conclusion...My chances are probably -You don't realise what's coming. It'll affect everything.Your glasses are always dirty. There. That's better. Isn't it?,"1082_0212,1082_0213,1082_0214,1082_0215,1082_0216,1082_0217,1082_0218,1082_0219,1082_0220,1082_0221,1082_0222,1082_0223"
1082,1082_044,1082_012,1082_033,Time.,1082_0228
1082,1082_044,1082_031,1082_033,"...the solutions to the Schrodinger equation must vanish at the boundary of the box, so we have...(cutting him off) Time!Time. That's your subject? Any aspect of it, in particular?","1082_0225,1082_0226,1082_0227"
1082,1082_045,1082_012,1082_019,"You don't realize what lies ahead. His life is going to be very short. So. Be careful. Science is against you. And it's not going to be a fight, Jane. It's going to be a very heavy defeat. For all of us.",1082_0229
1082,1082_045,1082_019,1082_019,I know--I know what you all think. That I don't look a terribly strong person. But I love him. And he loves me. We're going to fight this illness--all of us.,1082_0230
1082,1082_050,1082_019,1082_033,Ready. Good luck. Are you sure I can't drive you?,1082_0231
1082,1082_053,1082_031,1082_033,"SCIAMACome in Stephen. How are you?(his speech has worsened) Fine.Would you like to sit down?No thankyou.Brilliant. It's brilliant Stephen. So all that remains to be said is...well done. Or should I say, well done Doctor. And extraordinary theory.Thankyou.So, what now?Prove it. Prove...with a single equation, that Time has a beginning. Wouldn't that be nice Professor? One single elegant equation to explain everything?","1082_0232,1082_0233,1082_0234,1082_0235,1082_0236,1082_0242,1082_0243,1082_0244,1082_0245"
1082,1082_053,1082_019,1082_031,Yes. It would. It would indeed.,1082_0246
1082,1082_053,1082_025,1082_026,Chapter Two--not really original-- uses a lot of Roger's ideas.,1082_0238
1082,1082_053,1082_025,1082_031,So. Chapters One--full of holes and lacks mathematical support.But Four? A black hole at the beginning of Time.A spacetime singularity?,"1082_0237,1082_0240,1082_0241"
1082,1082_053,1082_026,1082_031,Well at least you run with them. Chapter Three? Too many unanswered questions.,1082_0239
1082,1082_054,1082_033,1082_033,I'm sorry.,1082_0252
1082,1082_054,1082_003,1082_019,"TO DOCTOR--Who?To Doctor Stephen Hawking.What's astonishing is that for Stephen and I, ""work"" was the worst four-letter word, the worst.","1082_0247,1082_0248,1082_0249,1082_0250"
1082,1082_054,1082_019,1082_033,(CONCERNED) Stephen?,1082_0251
1082,1082_057,1082_033,1082_033,It's okay Robert.,1082_0253
1082,1082_058,1082_019,1082_033,This--is--temporary.Of course.,"1082_0254,1082_0255"
1082,1082_059,1082_019,1082_033,"Well, it's convenient for breakfast! Thank you.(PLAYFULLY) Excuse me, did you say something?","1082_0256,1082_0257"
1082,1082_059,1082_033,1082_033,I said--thankyou.,1082_0258
1082,1082_061,1082_019,1082_033,Go Jane.One second.JANE?Are you alright?,"1082_0259,1082_0260,1082_0261,1082_0262"
1082,1082_061,1082_031,1082_033,"(breathless, stunned) I've got an idea. I've got an idea Jane!",1082_0263
1082,1082_062,1082_031,1082_031,Stephen! He's changed everything! (TO JANITOR) Black Holes aren't black! And they explode!,1082_0266
1082,1082_062,1082_025,1082_031,"Kip! He's done it, Kip! He's -What is it?","1082_0264,1082_0265"
1082,1082_063,1082_031,1082_033,Ready or not.,1082_0270
1082,1082_063,1082_019,1082_031,All set? You'll do fine.(LOVINGLY) Good luck!,"1082_0267,1082_0269"
1082,1082_064,1082_003,1082_033,"In other words--the steady emission of heat energy causes black holes to slowly lose mass, they evaporate, eventually disappearing in a spectacular explosion. So...",1082_0274
1082,1082_064,1082_021,1082_031,"(aside, to TAYLOR) He's unifying Relativity--plus Quantum Mechanics and Thermodynamics. For the first time.",1082_0272
1082,1082_064,1082_021,1082_033,"(shakes head, to SCIAMA) Thermodynamics? Last used to describe the steam engine.",1082_0273
1082,1082_064,1082_031,1082_033,"(SLURRING SLIGHTLY) ...allowing us to predict that some particles can in fact escape a black hole. Black holes aren't black at all, but glow with heat radiation.",1082_0271
1082,1082_066,1082_003,1082_033,"- that if it is losing particles, then, then over time -",1082_0279
1082,1082_066,1082_003,1082_028,"No,no! What he's saying is--just as a hot body loses heat--right? -Second law of thermodynamics.- that a black hole -- thanks -","1082_0275,1082_0276,1082_0277,1082_0278"
1082,1082_067,1082_003,1082_033,"- it must eventually disappear. First a star vanishes into a black hole, but then the black hole must itself--vanish. THE THEORY of EVERYTHING 45",1082_0280
1082,1082_068,1082_004,1082_028,You owe me another beer.,1082_0282
1082,1082_068,1082_008,1082_028,(GETTING IT) - the universe was born and how it will end.,1082_0285
1082,1082_068,1082_003,1082_028,Gone! From nothing--into nothing.Bang.,"1082_0281,1082_0286"
1082,1082_068,1082_003,1082_021,Crunch!,1082_0287
1082,1082_068,1082_003,1082_008,He's just told us that -,1082_0284
1082,1082_068,1082_003,1082_004,Me too.,1082_0283
1082,1082_069,1082_003,1082_024,"STOP! Please. My name--is Professor Khalatnikov, from Soviet Academy of Sciences. My field is evolution of the hot universe--the properties of microwave background radiation, and theory of the black holes. To be honest, I came here today expecting to hear a lot of nonsense. I go home disappointed. HE!- HAS DONE IT! Ha! Ha! Ha! Ya Ya! He has done it! (Shakes Stephen's hand.) He has done it!",1082_0291
1082,1082_069,1082_021,1082_033,I'm afraid--this is complete nonsense. It's preposterous.,1082_0288
1082,1082_069,1082_024,1082_031,I-,1082_0290
1082,1082_069,1082_031,1082_033,Was it something I said?,1082_0289
1082,1082_070,1082_003,1082_019,"That's kinda wonderful, actually. And it explains a great deal about men.",1082_0298
1082,1082_070,1082_003,1082_033,"BASTARDS! Jeez!--uhhhh!--how the hell does Jane manage?Big legs! Big legs Brian!So, tell me, this Motor Neuron Disease, does it effect, y'know...What?Everything..?Different system. Automatic.","1082_0292,1082_0293,1082_0294,1082_0295,1082_0296,1082_0297"
1082,1082_072,1082_018,1082_019,Get in the car! Get! In! The Car! Come on! Let's go see Gran and Grandad!,1082_0299
1082,1082_073,1082_018,1082_019,Isn't it marvellous? We can rent it every year!,1082_0300
1082,1082_073,1082_012,1082_019,"Yes. I see. But what about all the steps, Frank?",1082_0301
1082,1082_073,1082_012,1082_012,"Oh, it's nothing. The climb is absolutely worth it. You get the luggage.",1082_0302
1082,1082_074,1082_012,1082_018,Oh--Rain?--Falling?--Rain Falling Down?--Shivering?--Uhhhrrrrr---,1082_0303
1082,1082_074,1082_012,1082_019,"Very well, no doctors.",1082_0307
1082,1082_074,1082_012,1082_033,No doctors!,1082_0306
1082,1082_074,1082_018,1082_019,Very cold...,1082_0304
1082,1082_074,1082_019,1082_033,He needs to see a doctor. This keeps happening!,1082_0305
1082,1082_076,1082_019,1082_019,(TEARFUL) Thanks.,1082_0313
1082,1082_076,1082_019,1082_033,"I need help. I keep--I keep looking for a way-- to make this work--but I can't find it.(forcefully, but with a(UPSET) WE'RE NOT A NORMAL FAMILY!!! We're not a normal family.(turns to ROBERT) Robert--your mother's very angry at me.","1082_0308,1082_0309,1082_0311,1082_0312"
1082,1082_078,1082_019,1082_029,Ready?Surprise! Look Daddy Look!,"1082_0314,1082_0315"
1082,1082_078,1082_019,1082_031,It's an electric wheelchair. We can take it back--if you don't like it.,1082_0316
1082,1082_082,1082_031,1082_033,"I don't get it. You've spent years assuming Black Holes exist--you believe Cygnus X-1 will turn out to be the first black hole we can actually observe==and yet you bet Kip Thorne that it isn't a black hole?(SLURRING) Yes, a magazine subscription.Why would you bet against yourself? A subscription to what? Nature magazine?Pent-house. That way even if I'm wrong, I still win!","1082_0317,1082_0318,1082_0319,1082_0320"
1082,1082_082,1082_002,1082_031,Penthouse?,1082_0321
1082,1082_084,1082_002,1082_019,Jane--Jane? Jane? Jane! STOP! Sit down. Sit. Now--I'd like to make a suggestion-- it might sound unusual--but I've seen it work wonders. I think--you should consider -Mum--I think that is possibly the most English thing anyone has ever said.Maybe so.I used to love singing.You're very good at it.I don't know about that.,"1082_0322,1082_0323,1082_0324,1082_0325,1082_0326,1082_0327"
1082,1082_084,1082_002,1082_022,Go. (pause) It's one hour a week.,1082_0328
1082,1082_085,1082_019,1082_022,"Oh, hello.Hello.Are you here to sing?I um--I just came to--Soprano? Soprano.I wish.Mezzo?(POINTING DOWNWARDS) Alto.Well--Just what we need. (to last departingGood question.Well, you're here now. And just in time.(SMILES) Am I?Yes. So tell me.I wouldn't call it a repertoire. Brahms--I know a little-Brahms! Wonderful. Perfect. We - Okay. Which...?Well, I have sung--""Immer leiser.""","1082_0329,1082_0330,1082_0331,1082_0332,1082_0333,1082_0334,1082_0335,1082_0336,1082_0337,1082_0339,1082_0340,1082_0341,1082_0342,1082_0343,1082_0344,1082_0345"
1082,1082_085,1082_022,1082_022,"Ah! ""My sleep grows evermore peaceful."" Come on. Follow me. Come on. Let me hear you. Come on.",1082_0346
1082,1082_086,1082_019,1082_022,"(over the music) Jonathan. Jonathan Hellyer Jones.Jane. Jane Hawking.In C-sharp minor? The introduction, so lovely. From the top?Now?""Living on the edge.""No, no. No, no. Just let me remember the lyrics. In English.Fabulous.Okay.Okay?(SINGS) My sleep grows ever quieter only my grief, like a veil, lies trembling over me. I often hear you in my dreams","1082_0347,1082_0348,1082_0349,1082_0350,1082_0351,1082_0352,1082_0353,1082_0354,1082_0355,1082_0356"
1082,1082_087,1082_019,1082_019,"Well, that's a long story. 'Night.",1082_0364
1082,1082_087,1082_019,1082_022,"Actually, no, I go for the Gospel of St. Mark.None of that wishy-washy do-gooder stuff--Matthew, Luke.Exactly. With Mark you roll up your sleeves and get stuck in. No standing on the sidelines.Well I should be going.Well met. Oh, and if your daughter would like those piano lessons.Absolutely. My husband loves music too.I could teach him as well.","1082_0357,1082_0358,1082_0359,1082_0360,1082_0361,1082_0362,1082_0363"
1082,1082_090,1082_022,1082_033,"(TO STEPHEN) So - Stephen. Er - Jane tells me... ...you have a beautiful theorem that proves that... ...that--that the universe had a beginning?(testily, his slurring not easily understood)My new project - disproves it.Disproves it? Really? You no longer believe in the Creation?- no God? Really?No. Mine.I expect he'll cope.(TO JANE) It's the final--challenge. We'll know everything.","1082_0366,1082_0367,1082_0370,1082_0371,1082_0378,1082_0379,1082_0406,1082_0409"
1082,1082_090,1082_022,1082_047,More wine?,1082_0412
1082,1082_090,1082_019,1082_047,"(to JONATHAN, ignoring",1082_0411
1082,1082_090,1082_019,1082_033,"PhD thesis.What one believes - - is irrelevant--in physics.Which you can set your watch by.(SMILING) Very good.If the world were all potatoes, easy--you could trace a precise beginning, as Stephen once did, a moment of Creation. Hallelujah, God lives. But if you want to incorporate peas into the menu, which Stephen now wants to do, then it all goes -Tits up.Einstein hated peas, Quantum Theory. ""God doesn't play dice with the universe"", he said.Seems he not only plays dice -Seems he not only plays dice -- he throws them - where we can't find them.But physics--is back in business.Physics is back in business. Stephen thinks it a fair exchange.","1082_0369,1082_0372,1082_0391,1082_0392,1082_0393,1082_0394,1082_0397,1082_0398,1082_0399,1082_0400,1082_0407,1082_0408"
1082,1082_090,1082_019,1082_022,"Water.Your...?...in physics.Oh, is that so?(ANNOYANCE SHOWING) Stephen's done a U-turn. The big new idea is that the universe has no boundaries at all. No boundaries, no beginning. No(UNDERSTANDING THIS) Yours. Your mistake?Stephen is looking for a single law that governs all the forces in the universe. So God must die.Why must God die? I don't see.The two great pillars of physicsOh, yes - Einstein....Einstein's theory.They're--different?They don't remotely play by the same rules. Peas are chaotic, and don't behave predictably at all -UNLIKE--POTATOES -Tits up. Haywire. Becomes a Godless mess.Oh, dear.- he throws them -- where we can't find them. How inconvenient!Stephen's swapped his telescopeLooking for ""the world in a grain of sand.""God is back on the endangered species list.The final challenge?No, thank you.(RESIGNED) We'll know everything.","1082_0365,1082_0368,1082_0374,1082_0375,1082_0376,1082_0380,1082_0381,1082_0382,1082_0383,1082_0385,1082_0386,1082_0388,1082_0389,1082_0390,1082_0395,1082_0396,1082_0401,1082_0402,1082_0403,1082_0404,1082_0405,1082_0410,1082_0413,1082_0414"
1082,1082_091,1082_019,1082_033,Wrong guy to ask. THE THEORY of EVERYTHING 62,1082_0416
1082,1082_091,1082_022,1082_033,"It was leukaemia. Coming up on a year ago. She fought it, I nursed her, but in the end... Music is my salvation. Teaching and playing. I've struggled with loneliness, of course. Tyranny of the empty room, all that. Music is a consolation, although my career... Well, I'm not very ambitious.",1082_0415
1082,1082_092,1082_019,1082_022,Thank you for coming.,1082_0417
1082,1082_092,1082_022,1082_033,No. Thank you. It was wonderful. Night then.,1082_0418
1082,1082_093,1082_019,1082_019,Of course. For infinity.,1082_0420
1082,1082_093,1082_019,1082_033,"I understand you need more help. And if there is - someone - who is prepared to offer it - I won't object, as long - as long as you continue to love me.",1082_0419
1082,1082_094,1082_012,1082_022,(NOBLY) Of course not.,1082_0426
1082,1082_094,1082_019,1082_022,I have to tell you something.Is anything the matter?I'm um--I'm pregnant.Oh.Does it make a difference?,"1082_0421,1082_0422,1082_0423,1082_0424,1082_0425"
1082,1082_096,1082_012,1082_033,"I've always supported you in your choice not to have home help, but now, you need a permanent solution. This--this current 'situation' can't go on. You need a proper live- in nurse immediately.We have help.You know what I'm talking about.(SLURRED SPEECH) Can't afford--live-in nurse.You can't afford to--For black holes--not rock concerts.","1082_0427,1082_0428,1082_0429,1082_0430,1082_0431,1082_0432"
1082,1082_096,1082_012,1082_018,I believe it's urgent.,1082_0433
1082,1082_097,1082_019,1082_022,That's what you think of me? There is no way that Timothy could have any other father than Stephen. None. And for the record--I will never leave Stephen.,1082_0439
1082,1082_097,1082_018,1082_019,"You know very well what I'm talking about.No. I don't.We do have a right to know. We have a right to know, Jane.Know what?!Whose child Timothy is. Stephen's, or Jonathan's?","1082_0434,1082_0435,1082_0436,1082_0437,1082_0438"
1082,1082_098,1082_019,1082_022,"I need to go. I can't...Please don't go.Everyone's talking. It's -So. What does it matter?Well, there are other things too. I - I - just -I have feelings for you, too.","1082_0440,1082_0441,1082_0442,1082_0443,1082_0444,1082_0445"
1082,1082_098,1082_022,1082_033,Perhaps the right thing is for me to just--step back.,1082_0448
1082,1082_099,1082_019,1082_033,I've just been invited -Invited? Where?Geneva.Geneva?Students can accompany me.What students?I know how much you hate -You know how much I hate -- to fly.To fly. Yes.I was thinking - that you and the- Me and the children--go on?could bring the car -- bring the car -- meet me in Bayreuth -Bayreuth? How can I manage that? On my own?Bring Jonathan.I doubt he would be willing.,"1082_0449,1082_0450,1082_0451,1082_0452,1082_0453,1082_0454,1082_0455,1082_0456,1082_0457,1082_0458,1082_0459,1082_0461,1082_0462,1082_0463,1082_0464,1082_0465,1082_0466,1082_0467"
1082,1082_100,1082_019,1082_033,Jane--needs--help.,1082_0471
1082,1082_100,1082_022,1082_033,CUT TO: Is--this okay?Well--I won't tell if you don't.,"1082_0468,1082_0469"
1082,1082_101,1082_019,1082_019,Travel safely.,1082_0474
1082,1082_101,1082_019,1082_033,"And please please remember, 5 milligrams of Riluzole before and after the flight.(JAUNTY) See you - in Bayreuth.","1082_0472,1082_0473"
1082,1082_102,1082_019,1082_035,Forty-nine...Fifty. Coming ready or not!,1082_0475
1082,1082_111,1082_022,1082_035,He may not survive the journey.,1082_0483
1082,1082_111,1082_019,1082_035,"(IN FRENCH) He has pneumonia. He is on a life- support machine. I am not certain how long he will live. I need to know whether my staff should disconnect the ventilator?(IN ENGLISH) What are you talking about?(IN ENGLISH) If we try to bring him round from the anaesthetic it is not sure he will survive resuscitation.Stephen must live! You have to bring him round from the anaesthetic!Are you sure this is what you want? The only way of weaning him off the ventilator would be to give him a tracheotomy, a hole in the neck, by-passing the throat. He will never speak again.There's no question. Stephen must live. I will see he gets everything he needs. I will have him transferred back to Cambridge.","1082_0476,1082_0477,1082_0478,1082_0479,1082_0480,1082_0482"
1082,1082_112,1082_019,1082_019,"Drive--safely, yes? Did you get everything in the car? His chair, equipment...",1082_0485
1082,1082_112,1082_019,1082_022,I'll step back.,1082_0484
1082,1082_118,1082_019,1082_019,"Stephen? This is a Spelling Board. First, you tell me what letter you want by blinking when I say the colour of the group that contains that letter. Once I know the group, you can choose the character inside that group by blinking again when I go through the colours of each letter in that group. Apparently. Okay? Let's just try. So...Green, Yellow, Blue, White, Black, Red.",1082_0487
1082,1082_119,1082_007,1082_007,"So then - Professor. How are you? My name is Elaine. I'm going to be your nurse, would you like that? No? Well- we'll work it out.So then...","1082_0489,1082_0491"
1082,1082_119,1082_007,1082_019,She's here. Okay. Promise not to eat her alive...,1082_0488
1082,1082_120,1082_007,1082_007,"(RAPIDLY) Red group--Yellow letter. T. Green group--Black letter. E. Green-- Green. A....T.E.A. Tea. You've memorised the board. Of course you have. What kind of tea? Blink when I say the group that has the letter you want. Green, Yellow, Blue, White, Black, Red... Yellow? Green,yellow--that's B. A tea beginning with B? Builder's tea! Right?",1082_0492
1082,1082_121,1082_007,1082_019,"(CHUCKLING) I think he's the most brilliant man I've ever met. You're very lucky.Thank you.You must worship the ground beneath- wheels.And he's the perfect patient. Looking after him is so much easier than other patients I've had. And sooo funny, oh my God. When you read about him people don't tell","1082_0493,1082_0494,1082_0495,1082_0497,1082_0498"
1082,1082_121,1082_019,1082_036,"(cutting her off) You only do two shifts a week, Elaine.",1082_0500
1082,1082_122,1082_033,1082_036,"What I've done is--use components from a telephone answering system actually-- to convert the written text into synthesized speech. The voice sounds a bit robotic, but... There we go.JANE and ELAINE sit on the couch together watching - The TECHNICIAN demonstrates - builds a sentence for STEPHEN, selecting one LETTER at a time. STEPHEN is all concentration, observing how it is done.All set. Then you just click 'PLAY', like this -","1082_0505,1082_0506,1082_0507"
1082,1082_122,1082_019,1082_033,"(electronic voice, strong American accent)",1082_0508
1082,1082_122,1082_019,1082_036,"Almost there!How does it work?A guy called Walt Woltosz invented the software. Uses a very simple interface that scans through the alphabet and allows each letter to be selected one by one. Using this technique, the Professor can expect to write at about four words per minute.(After initial dismay) Better than one a minute.It's American! Oh, my Goodness.","1082_0501,1082_0502,1082_0503,1082_0504,1082_0509"
1082,1082_122,1082_007,1082_033,I think it's great!,1082_0511
1082,1082_122,1082_007,1082_036,That's all they have at the moment. Is that a problem?,1082_0510
1082,1082_123,1082_033,1082_033,Daisy. Daisy.,1082_0512
1082,1082_124,1082_033,1082_033,"Frankly my dear, I don't give a damn.",1082_0513
1082,1082_125,1082_033,1082_033,Ex-terminate..! Ex-terminate..! Ex-terminate..!,1082_0514
1082,1082_126,1082_007,1082_033,"Time... What is the nature of Time? Will it ever come to an end? Can we go back in time? Some day these answers may seem as obvious to us as the earth orbiting the sun, or perhaps as ridiculous as a tower of tortoises. Only Time, whatever that may be, will tell.",1082_0517
1082,1082_126,1082_019,1082_033,I will write. A Book.At four words a minute? About what? TIME.,"1082_0515,1082_0516"
1082,1082_127,1082_007,1082_031,"'Course it is. That's what they all say. You don't have to be embarrassed around me, Professor. I know what men are like.Oh. I'm sorry.","1082_0520,1082_0521"
1082,1082_127,1082_007,1082_033,(SURPRISED) Professor?It is for a friend.Next one? What?,"1082_0518,1082_0519,1082_0522"
1082,1082_132,1082_019,1082_033,So I said - I have long been looking for a model of the universe. I finally found her.,1082_0523
1082,1082_132,1082_007,1082_019,Elaine? Can we - ? Would you mind if I spoke with Stephen alone for a moment?We're not quite finished--can you come back in ten minutes?,"1082_0524,1082_0525"
1082,1082_133,1082_019,1082_033,"(READS) ""Who are we? Why are we here? If we ever learn this, it would be the ultimate triumph of human reason, for then we would know the mind of God.""Yes.So you're acknowledging him?HOWEVER --Did you just say something? So you're actually going to let me have this moment.You - are - welcome. E-laine has offered to travel with me to A-merica. She will look after me.(IMMENSELY HURT) Will she?Don't worry.America?(the old grin) A-nother a-ward. What can you do? Everything will be okay. How many years?They said - two. We've had so many.Be. Happy.","1082_0526,1082_0527,1082_0528,1082_0529,1082_0530,1082_0531,1082_0532,1082_0533,1082_0534,1082_0535,1082_0536,1082_0537"
1082,1082_133,1082_002,1082_019,I have loved you.,1082_0538
1082,1082_136,1082_002,1082_019,"Remarkable. How is he?He wants to marry her.Don't blame yourself. We're proud of you.I'm trying hard not to think of this as a failure.But it wasn't a failure.But it feels like it! It feels like it, Mum.Perhaps too many people were drawn in?(SHRUGS) He's gone back to looking for his Theory Of Everything, his single equation. Well, it'll have to explain human relationships too. It's going to have to be a wonderful piece of mathematics.All the unexpected forces... attractions... (wistful, dreamy) A attracts B --And vice versa.Of course.Then add Time - Adversity -Yes. Adversity over time --- until the situation becomes unstable, heats up.Bang!And the whole thing starts over. Whole new galaxies.","1082_0539,1082_0540,1082_0541,1082_0542,1082_0543,1082_0544,1082_0545,1082_0546,1082_0547,1082_0548,1082_0549,1082_0550,1082_0551,1082_0552,1082_0553,1082_0554"
1082,1082_136,1082_002,1082_033,"Darling, I think we've cracked it. Shall we phone the Nobel committee now or shall we have another cup of tea first?",1082_0555
1082,1082_141,1082_031,1082_033,I cannot sign copies of my book-- but if you like--I could drive over it.,1082_0558
1082,1082_142,1082_017,1082_033,"I have experimental evidence that Time Travel is not possible. I gave a party for Time-Travellers but no- one came.Professor Hawking, you have said you don't believe in God... You have said you do not believe in God. Do you have a philosophy of life that helps you?","1082_0567,1082_0568"
1082,1082_142,1082_019,1082_033,"It is clear that we are just an advanced breed of monkeys on a minor planet orbiting around a very average star in the outer suburb of one among a hundred billion galaxies... ...but--ever since the dawn of civilisation, people have craved for an understanding of the underlying order of the world. There ought to be something very special about the boundary conditions of the universe - and what can be more special than that there is no boundary? And there should be no boundary to human endeavour. We are all different. There is no such thing as a standard or run of the mill human being--but we share the same human spirit. However bad life may seem, there is always something you can do, and succeed at. While there's life, there is hope.",1082_0569
1082,1082_142,1082_031,1082_033,"Thankyou. I first met--the Professor--was it really 1963? Time- -where does it go? Back then, he was kind of annoying. But it's been--really--one of the great joys of my life to watch this man defy every expectation, both scientific and personal. So it's with no small pride that I ask him to return to the stage once more, to continue to do what he has always done - answer your questions. My most irritating student, my esteemed colleague, my good friend--Professor Hawking. The first pre-selected question, please!",1082_0559
1082,1082_142,1082_033,1082_033,"Can you hear me?I was stopped recently by a tourist in Cambridge who asked if I was 'the real Stephen Hawking.' I replied that I was not, and said the real one was--much better looking. He believed me.I now predict -- that I was wrong.","1082_0561,1082_0563,1082_0565"
1082,1082_143,1082_019,1082_022,It's from Stephen.Gosh.,"1082_0570,1082_0571"
1082,1082_145,1082_019,1082_019,Your glasses are always dirty.,1082_0572
1082,1082_147,1082_019,1082_019,"(TO EQUERRY) I'll leave a card. There's a number you can call. They can install ramps in a day. It really would be helpful. CONGRATULATIONS--MY COMPANION--OFThank you. For today. It's been extraordinary. It's all just been rather extraordinary though, hasn't it?What are you writing?","1082_0573,1082_0575,1082_0577"
